Method;Job;AnalyzeLaunchVariance;EvaluateOverhead;MaxAbsoluteError;MaxRelativeError;MinInvokeCount;MinIterationTime;OutlierMode;Affinity;EnvironmentVariables;Jit;LargeAddressAware;Platform;PowerPlanMode;Runtime;AllowVeryLargeObjects;Concurrent;CpuGroups;Force;HeapAffinitizeMask;HeapCount;NoAffinitize;RetainVm;Server;Arguments;BuildConfiguration;Clock;EngineFactory;NuGetReferences;Toolchain;IsMutator;InvocationCount;IterationCount;IterationTime;LaunchCount;MaxIterationCount;MaxWarmupIterationCount;MemoryRandomization;MinIterationCount;MinWarmupIterationCount;RunStrategy;UnrollFactor;WarmupCount;Mean;Error;StdDev;Median;Allocated
Agendamento_Reservar;Job-CNUJVU;False;Default;Default;Default;Default;Default;Default;111111111111;Empty;RyuJit;Default;X64;8c5e7fda-e8bf-4a96-9a85-a6e23a8c635c;.NET 8.0;False;True;False;True;Default;Default;False;False;False;Default;Default;Default;Default;Default;Default;Default;1;Default;Default;Default;Default;Default;Default;Default;Default;Default;1;Default;"3,219.4 ns";137.83 ns;391.00 ns;"3,100.0 ns";104 B
StatusAgendamento_PodeTransitar_Valido;Job-CNUJVU;False;Default;Default;Default;Default;Default;Default;111111111111;Empty;RyuJit;Default;X64;8c5e7fda-e8bf-4a96-9a85-a6e23a8c635c;.NET 8.0;False;True;False;True;Default;Default;False;False;False;Default;Default;Default;Default;Default;Default;Default;1;Default;Default;Default;Default;Default;Default;Default;Default;Default;1;Default;141.0 ns;18.10 ns;53.36 ns;100.0 ns;0 B
StatusAgendamento_PodeTransitar_Invalido;Job-CNUJVU;False;Default;Default;Default;Default;Default;Default;111111111111;Empty;RyuJit;Default;X64;8c5e7fda-e8bf-4a96-9a85-a6e23a8c635c;.NET 8.0;False;True;False;True;Default;Default;False;False;False;Default;Default;Default;Default;Default;Default;Default;1;Default;Default;Default;Default;Default;Default;Default;Default;Default;1;Default;128.0 ns;17.43 ns;51.40 ns;100.0 ns;0 B
EanValidator_Ean13_Valido;Job-CNUJVU;False;Default;Default;Default;Default;Default;Default;111111111111;Empty;RyuJit;Default;X64;8c5e7fda-e8bf-4a96-9a85-a6e23a8c635c;.NET 8.0;False;True;False;True;Default;Default;False;False;False;Default;Default;Default;Default;Default;Default;Default;1;Default;Default;Default;Default;Default;Default;Default;Default;Default;1;Default;"3,853.5 ns";547.57 ns;"1,605.94 ns";"3,300.0 ns";0 B
EanValidator_Ean13_Invalido;Job-CNUJVU;False;Default;Default;Default;Default;Default;Default;111111111111;Empty;RyuJit;Default;X64;8c5e7fda-e8bf-4a96-9a85-a6e23a8c635c;.NET 8.0;False;True;False;True;Default;Default;False;False;False;Default;Default;Default;Default;Default;Default;Default;1;Default;Default;Default;Default;Default;Default;Default;Default;Default;1;Default;"2,943.9 ns";118.15 ns;344.64 ns;"2,900.0 ns";0 B
EanValidator_Ean8_Valido;Job-CNUJVU;False;Default;Default;Default;Default;Default;Default;111111111111;Empty;RyuJit;Default;X64;8c5e7fda-e8bf-4a96-9a85-a6e23a8c635c;.NET 8.0;False;True;False;True;Default;Default;False;False;False;Default;Default;Default;Default;Default;Default;Default;1;Default;Default;Default;Default;Default;Default;Default;Default;Default;1;Default;"2,527.0 ns";123.73 ns;364.83 ns;"2,500.0 ns";0 B
ChaveAcesso_ExtrairUf_SP;Job-CNUJVU;False;Default;Default;Default;Default;Default;Default;111111111111;Empty;RyuJit;Default;X64;8c5e7fda-e8bf-4a96-9a85-a6e23a8c635c;.NET 8.0;False;True;False;True;Default;Default;False;False;False;Default;Default;Default;Default;Default;Default;Default;1;Default;Default;Default;Default;Default;Default;Default;Default;Default;1;Default;"2,417.9 ns";140.61 ns;403.44 ns;"2,400.0 ns";224 B
ChaveAcesso_ExtrairUf_CodigoInexistente;Job-CNUJVU;False;Default;Default;Default;Default;Default;Default;111111111111;Empty;RyuJit;Default;X64;8c5e7fda-e8bf-4a96-9a85-a6e23a8c635c;.NET 8.0;False;True;False;True;Default;Default;False;False;False;Default;Default;Default;Default;Default;Default;Default;1;Default;Default;Default;Default;Default;Default;Default;Default;Default;1;Default;"1,852.0 ns";121.77 ns;355.22 ns;"1,850.0 ns";224 B
Agendamento_PodeExpirar_Disponivel;Job-CNUJVU;False;Default;Default;Default;Default;Default;Default;111111111111;Empty;RyuJit;Default;X64;8c5e7fda-e8bf-4a96-9a85-a6e23a8c635c;.NET 8.0;False;True;False;True;Default;Default;False;False;False;Default;Default;Default;Default;Default;Default;Default;1;Default;Default;Default;Default;Default;Default;Default;Default;Default;1;Default;636.2 ns;31.62 ns;90.22 ns;600.0 ns;0 B
